{
	"name": "Get_Conf_From_ILG_FTP",
	"properties": {
		"activities": [
			{
				"name": "Get Interface Info IBILGDC",
				"type": "Lookup",
				"dependsOn": [],
				"policy": {
					"timeout": "7.00:00:00",
					"retry": 5,
					"retryIntervalInSeconds": 60,
					"secureOutput": false,
					"secureInput": false
				},
				"userProperties": [],
				"typeProperties": {
					"source": {
						"type": "AzureSqlSource",
						"sqlReaderQuery": {
							"value": "SELECT DI.InterfaceCode, DI.[Enabled], DI.[Type], DI.[Direction], DI.[FTPDropDir], DI.FTPProcessedDir \nFROM dbo.DEX_Interface DI\nWHERE InterfaceCode = 'IBILGDC'\n",
							"type": "Expression"
						},
						"queryTimeout": "02:00:00",
						"partitionOption": "None"
					},
					"dataset": {
						"referenceName": "Tab_DEX_Interface",
						"type": "DatasetReference"
					},
					"firstRowOnly": false
				}
			},
			{
				"name": "GET WC Order Files",
				"type": "GetMetadata",
				"dependsOn": [
					{
						"activity": "Get Interface Info IBILGDC",
						"dependencyConditions": [
							"Succeeded"
						]
					}
				],
				"policy": {
					"timeout": "7.00:00:00",
					"retry": 5,
					"retryIntervalInSeconds": 60,
					"secureOutput": false,
					"secureInput": false
				},
				"userProperties": [],
				"typeProperties": {
					"dataset": {
						"referenceName": "Tanologist_SFTP",
						"type": "DatasetReference",
						"parameters": {
							"FolderName": {
								"value": "@activity('Get Interface Info IBILGDC').output.value[0].FTPDropDir",
								"type": "Expression"
							}
						}
					},
					"fieldList": [
						"childItems"
					],
					"storeSettings": {
						"type": "SftpReadSettings",
						"recursive": true,
						"enablePartitionDiscovery": false
					},
					"formatSettings": {
						"type": "BinaryReadSettings"
					}
				}
			},
			{
				"name": "For Each IBILGDC",
				"type": "ForEach",
				"dependsOn": [
					{
						"activity": "Filter Only Files",
						"dependencyConditions": [
							"Succeeded"
						]
					}
				],
				"userProperties": [],
				"typeProperties": {
					"items": {
						"value": "@activity('Filter Only Files').output.Value",
						"type": "Expression"
					},
					"isSequential": false,
					"activities": [
						{
							"name": "Load_Interface_Files_From_WC",
							"type": "Lookup",
							"dependsOn": [],
							"policy": {
								"timeout": "7.00:00:00",
								"retry": 0,
								"retryIntervalInSeconds": 30,
								"secureOutput": false,
								"secureInput": false
							},
							"userProperties": [],
							"typeProperties": {
								"source": {
									"type": "AzureSqlSource",
									"sqlReaderStoredProcedureName": "[dbo].[Load_Interface_Files_From_WC]",
									"storedProcedureParameters": {
										"FileName": {
											"type": "String",
											"value": {
												"value": "@item().name",
												"type": "Expression"
											}
										}
									},
									"queryTimeout": "02:00:00",
									"partitionOption": "None"
								},
								"dataset": {
									"referenceName": "Tab_DEX_Interface_Files",
									"type": "DatasetReference"
								}
							}
						},
						{
							"name": "Copy WC Order File to Azure Blob",
							"type": "Copy",
							"dependsOn": [
								{
									"activity": "Load_Interface_Files_From_WC",
									"dependencyConditions": [
										"Succeeded"
									]
								}
							],
							"policy": {
								"timeout": "7.00:00:00",
								"retry": 0,
								"retryIntervalInSeconds": 30,
								"secureOutput": false,
								"secureInput": false
							},
							"userProperties": [
								{
									"name": "Source",
									"value": "/wc/Outbound/Drop/"
								},
								{
									"name": "Destination",
									"value": "drop//"
								}
							],
							"typeProperties": {
								"source": {
									"type": "BinarySource",
									"storeSettings": {
										"type": "SftpReadSettings",
										"recursive": false,
										"deleteFilesAfterCompletion": false
									},
									"formatSettings": {
										"type": "BinaryReadSettings"
									}
								},
								"sink": {
									"type": "BinarySink",
									"storeSettings": {
										"type": "AzureBlobStorageWriteSettings"
									}
								},
								"enableStaging": false
							},
							"inputs": [
								{
									"referenceName": "Tanologist_SFTP_Connection_With_FileName",
									"type": "DatasetReference",
									"parameters": {
										"FolderName": {
											"value": "@activity('Get Interface Info IBILGDC').output.value[0].FtpDropDir",
											"type": "Expression"
										},
										"FileName": {
											"value": "@item().name",
											"type": "Expression"
										}
									}
								}
							],
							"outputs": [
								{
									"referenceName": "Storage_IB_Drop_Folder_Blob",
									"type": "DatasetReference",
									"parameters": {
										"Container": "/",
										"Directory": "ibdrop",
										"filename": "*"
									}
								}
							]
						},
						{
							"name": "Update_Downloaded_File_From_WC",
							"description": "Update Downloaded File From WC in Interface Files Table",
							"type": "SqlServerStoredProcedure",
							"dependsOn": [
								{
									"activity": "Copy WC Order File to Azure Blob",
									"dependencyConditions": [
										"Succeeded"
									]
								}
							],
							"policy": {
								"timeout": "7.00:00:00",
								"retry": 0,
								"retryIntervalInSeconds": 30,
								"secureOutput": false,
								"secureInput": false
							},
							"userProperties": [],
							"typeProperties": {
								"storedProcedureName": "[dbo].[Update_Downloaded_File_From_WC]",
								"storedProcedureParameters": {
									"FileID": {
										"value": {
											"value": "@activity('Load_Interface_Files_From_WC').output.firstRow.NewFileID",
											"type": "Expression"
										},
										"type": "Int32"
									}
								}
							},
							"linkedServiceName": {
								"referenceName": "DEXInterfaceProd",
								"type": "LinkedServiceReference"
							}
						},
						{
							"name": "Load In Process File From Blob to Azure SQL",
							"description": "Load In Process File From Blob to Azure SQL (Interface document table)",
							"type": "SqlServerStoredProcedure",
							"dependsOn": [
								{
									"activity": "Delete CSV File From Blob",
									"dependencyConditions": [
										"Succeeded"
									]
								}
							],
							"policy": {
								"timeout": "7.00:00:00",
								"retry": 0,
								"retryIntervalInSeconds": 30,
								"secureOutput": false,
								"secureInput": false
							},
							"userProperties": [],
							"typeProperties": {
								"storedProcedureName": "[dbo].[Load_InProcess_Files_From_BS_CSV]",
								"storedProcedureParameters": {
									"ContainerName": {
										"value": "ibinprocess",
										"type": "String"
									},
									"DataSource": {
										"value": "AzureStorage",
										"type": "String"
									},
									"Direction": {
										"value": "Inbound",
										"type": "String"
									},
									"FileName": {
										"value": {
											"value": "@{concat(substring(item().name,0,indexof(item().name,'.'))\n,'.',variables('FileType'))}",
											"type": "Expression"
										},
										"type": "String"
									},
									"MessageType": {
										"value": {
											"value": "@variables('MessageType_IBILGDC')",
											"type": "Expression"
										},
										"type": "String"
									},
									"SiteCode": {
										"value": {
											"value": "@variables('SiteCode')",
											"type": "Expression"
										},
										"type": "String"
									}
								}
							},
							"linkedServiceName": {
								"referenceName": "DEXInterfaceProd",
								"type": "LinkedServiceReference"
							}
						},
						{
							"name": "Move_Files_To_Processed_In_Blob",
							"type": "ExecutePipeline",
							"dependsOn": [
								{
									"activity": "Load In Process File From Blob to Azure SQL",
									"dependencyConditions": [
										"Succeeded"
									]
								}
							],
							"userProperties": [],
							"typeProperties": {
								"pipeline": {
									"referenceName": "Move_Files",
									"type": "PipelineReference"
								},
								"waitOnCompletion": true,
								"parameters": {
									"SourceStore_Location": "/",
									"SourceStore_Directory": "ibinprocess",
									"DestinationStore_Location": "/",
									"DestinationStore_Directory": "ibprocessed",
									"FileName": {
										"value": "@{concat(substring(item().name,0,indexof(item().name,'.'))\n,'.',variables('FileType'))}",
										"type": "Expression"
									}
								}
							}
						},
						{
							"name": "Update_Processed_File_From_WC",
							"description": "Update Processed File From WC in Interface Files Table",
							"type": "SqlServerStoredProcedure",
							"dependsOn": [
								{
									"activity": "Move_Files_To_Processed_In_Blob",
									"dependencyConditions": [
										"Succeeded"
									]
								}
							],
							"policy": {
								"timeout": "7.00:00:00",
								"retry": 0,
								"retryIntervalInSeconds": 30,
								"secureOutput": false,
								"secureInput": false
							},
							"userProperties": [],
							"typeProperties": {
								"storedProcedureName": "[dbo].[Update_Processed_File_From_WC]",
								"storedProcedureParameters": {
									"FileID": {
										"value": {
											"value": "@activity('Load_Interface_Files_From_WC').output.firstRow.NewFileID",
											"type": "Expression"
										},
										"type": "Int32"
									}
								}
							},
							"linkedServiceName": {
								"referenceName": "DEXInterfaceProd",
								"type": "LinkedServiceReference"
							}
						},
						{
							"name": "SFTP Move WC Orders to Processed",
							"type": "Copy",
							"dependsOn": [
								{
									"activity": "Update_Processed_File_From_WC",
									"dependencyConditions": [
										"Succeeded"
									]
								}
							],
							"policy": {
								"timeout": "7.00:00:00",
								"retry": 0,
								"retryIntervalInSeconds": 30,
								"secureOutput": false,
								"secureInput": false
							},
							"userProperties": [
								{
									"name": "Source",
									"value": "/wc/Outbound/Drop/"
								},
								{
									"name": "Destination",
									"value": "drop//"
								}
							],
							"typeProperties": {
								"source": {
									"type": "BinarySource",
									"storeSettings": {
										"type": "SftpReadSettings",
										"recursive": false,
										"deleteFilesAfterCompletion": false
									},
									"formatSettings": {
										"type": "BinaryReadSettings"
									}
								},
								"sink": {
									"type": "BinarySink",
									"storeSettings": {
										"type": "SftpWriteSettings",
										"operationTimeout": "01:00:00",
										"useTempFileRename": true
									}
								},
								"enableStaging": false
							},
							"inputs": [
								{
									"referenceName": "Tanologist_SFTP_Connection_With_FileName",
									"type": "DatasetReference",
									"parameters": {
										"FolderName": {
											"value": "@activity('Get Interface Info IBILGDC').output.value[0].FTPDropDir",
											"type": "Expression"
										},
										"FileName": {
											"value": "@item().name",
											"type": "Expression"
										}
									}
								}
							],
							"outputs": [
								{
									"referenceName": "Tanologist_SFTP_Connection_With_FileName",
									"type": "DatasetReference",
									"parameters": {
										"FolderName": {
											"value": "@activity('Get Interface Info IBILGDC').output.value[0].FTPProcessedDir",
											"type": "Expression"
										},
										"FileName": {
											"value": "@item().name",
											"type": "Expression"
										}
									}
								}
							]
						},
						{
							"name": "Delete Orders File From OBDrop",
							"type": "Delete",
							"dependsOn": [
								{
									"activity": "SFTP Move WC Orders to Processed",
									"dependencyConditions": [
										"Succeeded"
									]
								}
							],
							"policy": {
								"timeout": "7.00:00:00",
								"retry": 0,
								"retryIntervalInSeconds": 30,
								"secureOutput": false,
								"secureInput": false
							},
							"userProperties": [],
							"typeProperties": {
								"dataset": {
									"referenceName": "Tanologist_SFTP_Connection_With_FileName",
									"type": "DatasetReference",
									"parameters": {
										"FolderName": {
											"value": "@activity('Get Interface Info IBILGDC').output.value[0].FTPDropDir",
											"type": "Expression"
										},
										"FileName": {
											"value": "@item().name",
											"type": "Expression"
										}
									}
								},
								"enableLogging": false,
								"storeSettings": {
									"type": "SftpReadSettings",
									"recursive": false,
									"enablePartitionDiscovery": false
								}
							}
						},
						{
							"name": "Convert_CSV_To_JSON_And_Move_To_Inprocess",
							"type": "ExecutePipeline",
							"dependsOn": [
								{
									"activity": "Update_Downloaded_File_From_WC",
									"dependencyConditions": [
										"Succeeded"
									]
								}
							],
							"userProperties": [],
							"typeProperties": {
								"pipeline": {
									"referenceName": "Convert_CSV_To_JSON_And_Move_To_Inprocess",
									"type": "PipelineReference"
								},
								"waitOnCompletion": true,
								"parameters": {
									"SourceStore_Location": "/",
									"SourceStore_Directory": "ibdrop",
									"DestinationStore_Location": "ibinprocess",
									"FileName": {
										"value": "@item().name",
										"type": "Expression"
									}
								}
							}
						},
						{
							"name": "Delete CSV File From Blob",
							"type": "Delete",
							"dependsOn": [
								{
									"activity": "Convert_CSV_To_JSON_And_Move_To_Inprocess",
									"dependencyConditions": [
										"Succeeded"
									]
								}
							],
							"policy": {
								"timeout": "7.00:00:00",
								"retry": 0,
								"retryIntervalInSeconds": 30,
								"secureOutput": false,
								"secureInput": false
							},
							"userProperties": [],
							"typeProperties": {
								"dataset": {
									"referenceName": "Storage_Source_Des_File_Blob",
									"type": "DatasetReference",
									"parameters": {
										"Container": "ibdrop",
										"Directory": "/",
										"filename": {
											"value": "@item().name",
											"type": "Expression"
										}
									}
								},
								"enableLogging": false,
								"storeSettings": {
									"type": "AzureBlobStorageReadSettings",
									"recursive": false,
									"enablePartitionDiscovery": false
								}
							}
						}
					]
				}
			},
			{
				"name": "Filter Only Files",
				"type": "Filter",
				"dependsOn": [
					{
						"activity": "GET WC Order Files",
						"dependencyConditions": [
							"Succeeded"
						]
					}
				],
				"userProperties": [],
				"typeProperties": {
					"items": {
						"value": "@activity('GET WC Order Files').output.childItems",
						"type": "Expression"
					},
					"condition": {
						"value": "@equals(item().type,'File')",
						"type": "Expression"
					}
				}
			},
			{
				"name": "Get Interface Info IBILGPOC",
				"type": "Lookup",
				"dependsOn": [
					{
						"activity": "For Each IBILGDC",
						"dependencyConditions": [
							"Succeeded"
						]
					}
				],
				"policy": {
					"timeout": "7.00:00:00",
					"retry": 5,
					"retryIntervalInSeconds": 60,
					"secureOutput": false,
					"secureInput": false
				},
				"userProperties": [],
				"typeProperties": {
					"source": {
						"type": "AzureSqlSource",
						"sqlReaderQuery": {
							"value": "SELECT DI.InterfaceCode, DI.[Enabled], DI.[Type], DI.[Direction], DI.[FTPDropDir], DI.FTPProcessedDir \nFROM dbo.DEX_Interface DI\nWHERE InterfaceCode = 'IBILGPOC'\n",
							"type": "Expression"
						},
						"queryTimeout": "02:00:00",
						"partitionOption": "None"
					},
					"dataset": {
						"referenceName": "Tab_DEX_Interface",
						"type": "DatasetReference"
					},
					"firstRowOnly": false
				}
			},
			{
				"name": "GET WC Order Files IBILGPOC",
				"type": "GetMetadata",
				"dependsOn": [
					{
						"activity": "Get Interface Info IBILGPOC",
						"dependencyConditions": [
							"Succeeded"
						]
					}
				],
				"policy": {
					"timeout": "7.00:00:00",
					"retry": 5,
					"retryIntervalInSeconds": 60,
					"secureOutput": false,
					"secureInput": false
				},
				"userProperties": [],
				"typeProperties": {
					"dataset": {
						"referenceName": "Tanologist_SFTP",
						"type": "DatasetReference",
						"parameters": {
							"FolderName": {
								"value": "@activity('Get Interface Info IBILGPOC').output.value[0].FTPDropDir",
								"type": "Expression"
							}
						}
					},
					"fieldList": [
						"childItems"
					],
					"storeSettings": {
						"type": "SftpReadSettings",
						"recursive": true,
						"enablePartitionDiscovery": false
					},
					"formatSettings": {
						"type": "BinaryReadSettings"
					}
				}
			},
			{
				"name": "For Each Purchase IBILGPOC",
				"type": "ForEach",
				"dependsOn": [
					{
						"activity": "Filter Only Files IBILGPOC",
						"dependencyConditions": [
							"Succeeded"
						]
					}
				],
				"userProperties": [],
				"typeProperties": {
					"items": {
						"value": "@activity('Filter Only Files IBILGPOC').output.Value",
						"type": "Expression"
					},
					"isSequential": false,
					"activities": [
						{
							"name": "Load_Interface_Files_From_WC IBILGPOC",
							"type": "Lookup",
							"dependsOn": [],
							"policy": {
								"timeout": "7.00:00:00",
								"retry": 0,
								"retryIntervalInSeconds": 30,
								"secureOutput": false,
								"secureInput": false
							},
							"userProperties": [],
							"typeProperties": {
								"source": {
									"type": "AzureSqlSource",
									"sqlReaderStoredProcedureName": "[dbo].[Load_Interface_Files_From_WC]",
									"storedProcedureParameters": {
										"FileName": {
											"type": "String",
											"value": {
												"value": "@item().name",
												"type": "Expression"
											}
										}
									},
									"queryTimeout": "02:00:00",
									"partitionOption": "None"
								},
								"dataset": {
									"referenceName": "Tab_DEX_Interface_Files",
									"type": "DatasetReference"
								}
							}
						},
						{
							"name": "Copy WC Order File to Azure Blob IBILGPOC",
							"type": "Copy",
							"dependsOn": [
								{
									"activity": "Load_Interface_Files_From_WC IBILGPOC",
									"dependencyConditions": [
										"Succeeded"
									]
								}
							],
							"policy": {
								"timeout": "7.00:00:00",
								"retry": 0,
								"retryIntervalInSeconds": 30,
								"secureOutput": false,
								"secureInput": false
							},
							"userProperties": [
								{
									"name": "Source",
									"value": "/wc/Outbound/Drop/"
								},
								{
									"name": "Destination",
									"value": "drop//"
								}
							],
							"typeProperties": {
								"source": {
									"type": "BinarySource",
									"storeSettings": {
										"type": "SftpReadSettings",
										"recursive": false,
										"deleteFilesAfterCompletion": false
									},
									"formatSettings": {
										"type": "BinaryReadSettings"
									}
								},
								"sink": {
									"type": "BinarySink",
									"storeSettings": {
										"type": "AzureBlobStorageWriteSettings"
									}
								},
								"enableStaging": false
							},
							"inputs": [
								{
									"referenceName": "Tanologist_SFTP_Connection_With_FileName",
									"type": "DatasetReference",
									"parameters": {
										"FolderName": {
											"value": "@activity('Get Interface Info IBILGPOC').output.value[0].FtpDropDir",
											"type": "Expression"
										},
										"FileName": {
											"value": "@item().name",
											"type": "Expression"
										}
									}
								}
							],
							"outputs": [
								{
									"referenceName": "Storage_IB_Drop_Folder_Blob",
									"type": "DatasetReference",
									"parameters": {
										"Container": "/",
										"Directory": "ibdrop",
										"filename": "*"
									}
								}
							]
						},
						{
							"name": "Update_Downloaded_File_From_WC IBILGPOC",
							"description": "Update Downloaded File From WC in Interface Files Table",
							"type": "SqlServerStoredProcedure",
							"dependsOn": [
								{
									"activity": "Copy WC Order File to Azure Blob IBILGPOC",
									"dependencyConditions": [
										"Succeeded"
									]
								}
							],
							"policy": {
								"timeout": "7.00:00:00",
								"retry": 0,
								"retryIntervalInSeconds": 30,
								"secureOutput": false,
								"secureInput": false
							},
							"userProperties": [],
							"typeProperties": {
								"storedProcedureName": "[dbo].[Update_Downloaded_File_From_WC]",
								"storedProcedureParameters": {
									"FileID": {
										"value": {
											"value": "@activity('Load_Interface_Files_From_WC IBILGPOC').output.firstRow.NewFileID",
											"type": "Expression"
										},
										"type": "Int32"
									}
								}
							},
							"linkedServiceName": {
								"referenceName": "DEXInterfaceProd",
								"type": "LinkedServiceReference"
							}
						},
						{
							"name": "Move_Files_To_Processed_In_Blob IBILGPOC",
							"type": "ExecutePipeline",
							"dependsOn": [
								{
									"activity": "Load In Process File From Blob to Azure SQL_copy1",
									"dependencyConditions": [
										"Succeeded"
									]
								}
							],
							"userProperties": [],
							"typeProperties": {
								"pipeline": {
									"referenceName": "Move_Files",
									"type": "PipelineReference"
								},
								"waitOnCompletion": true,
								"parameters": {
									"SourceStore_Location": "/",
									"SourceStore_Directory": "ibinprocess",
									"DestinationStore_Location": "/",
									"DestinationStore_Directory": "ibprocessed",
									"FileName": {
										"value": "@{concat(substring(item().name,0,indexof(item().name,'.'))\n,'.',variables('FileType'))}",
										"type": "Expression"
									}
								}
							}
						},
						{
							"name": "Update_Processed_File_From_WC IBILGPOC",
							"description": "Update Processed File From WC in Interface Files Table",
							"type": "SqlServerStoredProcedure",
							"dependsOn": [
								{
									"activity": "Move_Files_To_Processed_In_Blob IBILGPOC",
									"dependencyConditions": [
										"Succeeded"
									]
								}
							],
							"policy": {
								"timeout": "7.00:00:00",
								"retry": 0,
								"retryIntervalInSeconds": 30,
								"secureOutput": false,
								"secureInput": false
							},
							"userProperties": [],
							"typeProperties": {
								"storedProcedureName": "[dbo].[Update_Processed_File_From_WC]",
								"storedProcedureParameters": {
									"FileID": {
										"value": {
											"value": "@activity('Load_Interface_Files_From_WC IBILGPOC').output.firstRow.NewFileID",
											"type": "Expression"
										},
										"type": "Int32"
									}
								}
							},
							"linkedServiceName": {
								"referenceName": "DEXInterfaceProd",
								"type": "LinkedServiceReference"
							}
						},
						{
							"name": "SFTP Move Files to Processed IBILGPOC",
							"type": "Copy",
							"dependsOn": [
								{
									"activity": "Update_Processed_File_From_WC IBILGPOC",
									"dependencyConditions": [
										"Succeeded"
									]
								}
							],
							"policy": {
								"timeout": "7.00:00:00",
								"retry": 0,
								"retryIntervalInSeconds": 30,
								"secureOutput": false,
								"secureInput": false
							},
							"userProperties": [
								{
									"name": "Source",
									"value": "/wc/Outbound/Drop/"
								},
								{
									"name": "Destination",
									"value": "drop//"
								}
							],
							"typeProperties": {
								"source": {
									"type": "BinarySource",
									"storeSettings": {
										"type": "SftpReadSettings",
										"recursive": false,
										"deleteFilesAfterCompletion": false
									},
									"formatSettings": {
										"type": "BinaryReadSettings"
									}
								},
								"sink": {
									"type": "BinarySink",
									"storeSettings": {
										"type": "SftpWriteSettings",
										"operationTimeout": "01:00:00",
										"useTempFileRename": true
									}
								},
								"enableStaging": false
							},
							"inputs": [
								{
									"referenceName": "Tanologist_SFTP_Connection_With_FileName",
									"type": "DatasetReference",
									"parameters": {
										"FolderName": {
											"value": "@activity('Get Interface Info IBILGPOC').output.value[0].FTPDropDir",
											"type": "Expression"
										},
										"FileName": {
											"value": "@item().name",
											"type": "Expression"
										}
									}
								}
							],
							"outputs": [
								{
									"referenceName": "Tanologist_SFTP_Connection_With_FileName",
									"type": "DatasetReference",
									"parameters": {
										"FolderName": {
											"value": "@activity('Get Interface Info IBILGPOC').output.value[0].FTPProcessedDir",
											"type": "Expression"
										},
										"FileName": {
											"value": "@item().name",
											"type": "Expression"
										}
									}
								}
							]
						},
						{
							"name": "Delete Orders File From SFTP",
							"type": "Delete",
							"dependsOn": [
								{
									"activity": "SFTP Move Files to Processed IBILGPOC",
									"dependencyConditions": [
										"Succeeded"
									]
								}
							],
							"policy": {
								"timeout": "7.00:00:00",
								"retry": 0,
								"retryIntervalInSeconds": 30,
								"secureOutput": false,
								"secureInput": false
							},
							"userProperties": [],
							"typeProperties": {
								"dataset": {
									"referenceName": "Tanologist_SFTP_Connection_With_FileName",
									"type": "DatasetReference",
									"parameters": {
										"FolderName": {
											"value": "@activity('Get Interface Info IBILGPOC').output.value[0].FTPDropDir",
											"type": "Expression"
										},
										"FileName": {
											"value": "@item().name",
											"type": "Expression"
										}
									}
								},
								"enableLogging": false,
								"storeSettings": {
									"type": "SftpReadSettings",
									"recursive": false,
									"enablePartitionDiscovery": false
								}
							}
						},
						{
							"name": "Convert_CSV_To_JSON_And_Move_To_Inprocess POC",
							"type": "ExecutePipeline",
							"dependsOn": [
								{
									"activity": "Update_Downloaded_File_From_WC IBILGPOC",
									"dependencyConditions": [
										"Succeeded"
									]
								}
							],
							"userProperties": [],
							"typeProperties": {
								"pipeline": {
									"referenceName": "Convert_CSV_To_JSON_And_Move_To_Inprocess",
									"type": "PipelineReference"
								},
								"waitOnCompletion": true,
								"parameters": {
									"SourceStore_Location": "/",
									"SourceStore_Directory": "ibdrop",
									"DestinationStore_Location": "ibinprocess",
									"FileName": {
										"value": "@item().name",
										"type": "Expression"
									}
								}
							}
						},
						{
							"name": "Delete CSV File From Blob POC",
							"type": "Delete",
							"dependsOn": [
								{
									"activity": "Convert_CSV_To_JSON_And_Move_To_Inprocess POC",
									"dependencyConditions": [
										"Succeeded"
									]
								}
							],
							"policy": {
								"timeout": "7.00:00:00",
								"retry": 0,
								"retryIntervalInSeconds": 30,
								"secureOutput": false,
								"secureInput": false
							},
							"userProperties": [],
							"typeProperties": {
								"dataset": {
									"referenceName": "Storage_Source_Des_File_Blob",
									"type": "DatasetReference",
									"parameters": {
										"Container": "ibdrop",
										"Directory": "/",
										"filename": {
											"value": "@item().name",
											"type": "Expression"
										}
									}
								},
								"enableLogging": false,
								"storeSettings": {
									"type": "AzureBlobStorageReadSettings",
									"recursive": false,
									"enablePartitionDiscovery": false
								}
							}
						},
						{
							"name": "Load In Process File From Blob to Azure SQL_copy1",
							"description": "Load In Process File From Blob to Azure SQL (Interface document table)",
							"type": "SqlServerStoredProcedure",
							"dependsOn": [
								{
									"activity": "Delete CSV File From Blob POC",
									"dependencyConditions": [
										"Succeeded"
									]
								}
							],
							"policy": {
								"timeout": "7.00:00:00",
								"retry": 0,
								"retryIntervalInSeconds": 30,
								"secureOutput": false,
								"secureInput": false
							},
							"userProperties": [],
							"typeProperties": {
								"storedProcedureName": "[dbo].[Load_InProcess_Files_From_BS_CSV]",
								"storedProcedureParameters": {
									"ContainerName": {
										"value": "ibinprocess",
										"type": "String"
									},
									"DataSource": {
										"value": "AzureStorage",
										"type": "String"
									},
									"Direction": {
										"value": "Inbound",
										"type": "String"
									},
									"FileName": {
										"value": {
											"value": "@{concat(substring(item().name,0,indexof(item().name,'.'))\n,'.',variables('FileType'))}",
											"type": "Expression"
										},
										"type": "String"
									},
									"MessageType": {
										"value": {
											"value": "@variables('MessageType_IBILGPOC')",
											"type": "Expression"
										},
										"type": "String"
									},
									"SiteCode": {
										"value": {
											"value": "@variables('SiteCode')",
											"type": "Expression"
										},
										"type": "String"
									}
								}
							},
							"linkedServiceName": {
								"referenceName": "DEXInterfaceProd",
								"type": "LinkedServiceReference"
							}
						}
					]
				}
			},
			{
				"name": "Filter Only Files IBILGPOC",
				"type": "Filter",
				"dependsOn": [
					{
						"activity": "GET WC Order Files IBILGPOC",
						"dependencyConditions": [
							"Succeeded"
						]
					}
				],
				"userProperties": [],
				"typeProperties": {
					"items": {
						"value": "@activity('GET WC Order Files IBILGPOC').output.childItems",
						"type": "Expression"
					},
					"condition": {
						"value": "@equals(item().type,'File')",
						"type": "Expression"
					}
				}
			}
		],
		"variables": {
			"SiteCode": {
				"type": "String",
				"defaultValue": "ILGEU"
			},
			"MessageType_IBILGDC": {
				"type": "String",
				"defaultValue": "ILG Sale Order"
			},
			"MessageType_IBILGPOC": {
				"type": "String",
				"defaultValue": "ILG Purchase Order"
			},
			"FileType": {
				"type": "String",
				"defaultValue": "json"
			}
		},
		"folder": {
			"name": "ILG Confirmations"
		},
		"annotations": []
	}
}