{
	"name": "Update_ILG_BC_Message_Queue",
	"properties": {
		"activities": [
			{
				"name": "Get Doc List To Confirm ILG",
				"type": "Lookup",
				"dependsOn": [],
				"policy": {
					"timeout": "7.00:00:00",
					"retry": 5,
					"retryIntervalInSeconds": 60,
					"secureOutput": false,
					"secureInput": false
				},
				"userProperties": [],
				"typeProperties": {
					"source": {
						"type": "AzureSqlSource",
						"sqlReaderQuery": {
							"value": "SELECT SiteCode,MessageID,BCMessageID, InterfaceCode  \nFROM [dbo].[DEX_Interface_Document] \nWHERE ISNULL([ConfirmationSentToBC],0) = 0 \nAND InterfaceCode IN ('OBILGSO','OBILGPO','OBILGMD')",
							"type": "Expression"
						},
						"queryTimeout": "02:00:00",
						"partitionOption": "None"
					},
					"dataset": {
						"referenceName": "Tab_BC_Inb_Docs",
						"type": "DatasetReference"
					},
					"firstRowOnly": false
				}
			},
			{
				"name": "For Each Document ILG",
				"type": "ForEach",
				"dependsOn": [
					{
						"activity": "Get Doc List To Confirm ILG",
						"dependencyConditions": [
							"Succeeded"
						]
					}
				],
				"userProperties": [],
				"typeProperties": {
					"items": {
						"value": "@activity('Get Doc List To Confirm ILG').output.value",
						"type": "Expression"
					},
					"activities": [
						{
							"name": "Update BC Confirmation ILG",
							"type": "Lookup",
							"dependsOn": [
								{
									"activity": "Update External Reference ILG",
									"dependencyConditions": [
										"Succeeded"
									]
								}
							],
							"policy": {
								"timeout": "7.00:00:00",
								"retry": 0,
								"retryIntervalInSeconds": 30,
								"secureOutput": false,
								"secureInput": false
							},
							"userProperties": [],
							"typeProperties": {
								"source": {
									"type": "AzureSqlSource",
									"sqlReaderStoredProcedureName": "[dbo].[Update_BC_Confirmation_Of_OB_Msg]",
									"storedProcedureParameters": {
										"BCMessageID": {
											"type": "String",
											"value": {
												"value": "@{item().BCMessageID}",
												"type": "Expression"
											}
										}
									},
									"queryTimeout": "02:00:00",
									"partitionOption": "None"
								},
								"dataset": {
									"referenceName": "Tab_BC_Inb_Docs",
									"type": "DatasetReference"
								},
								"firstRowOnly": false
							}
						},
						{
							"name": "Update External Reference ILG",
							"type": "Lookup",
							"dependsOn": [
								{
									"activity": "Get Service Config For Site ILG",
									"dependencyConditions": [
										"Succeeded"
									]
								}
							],
							"policy": {
								"timeout": "7.00:00:00",
								"retry": 0,
								"retryIntervalInSeconds": 30,
								"secureOutput": false,
								"secureInput": false
							},
							"userProperties": [],
							"typeProperties": {
								"source": {
									"type": "XmlSource",
									"storeSettings": {
										"type": "HttpReadSettings",
										"requestMethod": "POST",
										"additionalHeaders": {
											"value": "Authorization:Bearer @{activity('Get_Access_Token_DB_ILG').output.firstRow.AccessTokenILG}\nContent-Type:@{activity('Get Service Config For Site ILG').output.firstRow.ContentType}\nsoapAction:@{activity('Get Service Config For Site ILG').output.firstRow.SoapAction}",
											"type": "Expression"
										},
										"requestBody": {
											"value": "<soapenv:Envelope xmlns:soapenv=\"http://schemas.xmlsoap.org/soap/envelope/\" xmlns:dex=\"urn:microsoft-dynamics-schemas/page/dexmessagequeuecard\">\n   <soapenv:Header/>\n   <soapenv:Body>\n      <dex:Update>\n         <dex:DexMessageQueueCard>\n            \n            <dex:Key>@{json(xml(replace(string(xml(activity('Get Soap Keys ILG').output.value[0])), ':', ''))).Envelope.Body.Read_Result.DexMessageQueueCard.Key}</dex:Key>\n            \n            <dex:External_Reference_ID>@{item().MessageID}</dex:External_Reference_ID>\n            \n            <dex:ID>@{item().BCMessageID}</dex:ID>\n            <dex:Status>Processed</dex:Status>\n         </dex:DexMessageQueueCard>\n      </dex:Update>\n   </soapenv:Body>\n</soapenv:Envelope>",
											"type": "Expression"
										},
										"requestTimeout": ""
									},
									"formatSettings": {
										"type": "XmlReadSettings",
										"validationMode": "none",
										"namespaces": true
									}
								},
								"dataset": {
									"referenceName": "Http_BC_WebService",
									"type": "DatasetReference",
									"parameters": {
										"RelUrl": {
											"value": "@activity('Get Service Config For Site ILG').output.firstRow.RelativeURL",
											"type": "Expression"
										}
									}
								},
								"firstRowOnly": false
							}
						},
						{
							"name": "Get Service Config ILG",
							"type": "Lookup",
							"dependsOn": [],
							"policy": {
								"timeout": "7.00:00:00",
								"retry": 0,
								"retryIntervalInSeconds": 30,
								"secureOutput": false,
								"secureInput": false
							},
							"userProperties": [],
							"typeProperties": {
								"source": {
									"type": "AzureSqlSource",
									"sqlReaderStoredProcedureName": "[dbo].[Get_Service_Configuration]",
									"storedProcedureParameters": {
										"ServiceCode": {
											"type": "String",
											"value": {
												"value": "@pipeline().parameters.ServiceCode",
												"type": "Expression"
											}
										},
										"SiteCode": {
											"type": "String",
											"value": {
												"value": "@item().SiteCode",
												"type": "Expression"
											}
										}
									},
									"queryTimeout": "02:00:00",
									"partitionOption": "None"
								},
								"dataset": {
									"referenceName": "Tab_BC_Outb_Doc_Response",
									"type": "DatasetReference"
								}
							}
						},
						{
							"name": "Get Service Config For Site ILG",
							"type": "Lookup",
							"dependsOn": [
								{
									"activity": "Get Soap Keys ILG",
									"dependencyConditions": [
										"Succeeded"
									]
								}
							],
							"policy": {
								"timeout": "7.00:00:00",
								"retry": 0,
								"retryIntervalInSeconds": 30,
								"secureOutput": false,
								"secureInput": false
							},
							"userProperties": [],
							"typeProperties": {
								"source": {
									"type": "AzureSqlSource",
									"sqlReaderStoredProcedureName": "[dbo].[Get_Service_Configuration]",
									"storedProcedureParameters": {
										"ServiceCode": {
											"type": "String",
											"value": {
												"value": "UpdateOutboundMessages",
												"type": "Expression"
											}
										},
										"SiteCode": {
											"type": "String",
											"value": {
												"value": "@item().SiteCode",
												"type": "Expression"
											}
										}
									},
									"queryTimeout": "02:00:00",
									"partitionOption": "None"
								},
								"dataset": {
									"referenceName": "Tab_BC_Outb_Doc_Response",
									"type": "DatasetReference"
								}
							}
						},
						{
							"name": "Get Soap Keys ILG",
							"type": "Lookup",
							"dependsOn": [
								{
									"activity": "Get Service Config ILG",
									"dependencyConditions": [
										"Succeeded"
									]
								},
								{
									"activity": "Get_Access_Token_DB_ILG",
									"dependencyConditions": [
										"Succeeded"
									]
								}
							],
							"policy": {
								"timeout": "7.00:00:00",
								"retry": 0,
								"retryIntervalInSeconds": 30,
								"secureOutput": false,
								"secureInput": false
							},
							"userProperties": [],
							"typeProperties": {
								"source": {
									"type": "XmlSource",
									"storeSettings": {
										"type": "HttpReadSettings",
										"requestMethod": "POST",
										"additionalHeaders": {
											"value": "Authorization:Bearer @{activity('Get_Access_Token_DB_ILG').output.firstRow.AccessTokenILG}\nContent-Type:@{activity('Get Service Config ILG').output.firstRow.ContentType}\nsoapAction:@{activity('Get Service Config ILG').output.firstRow.SoapAction}",
											"type": "Expression"
										},
										"requestBody": {
											"value": "<soapenv:Envelope xmlns:soapenv=\"http://schemas.xmlsoap.org/soap/envelope/\" xmlns:dex=\"urn:microsoft-dynamics-schemas/page/dexmessagequeuecard\">\n   <soapenv:Header/>\n   <soapenv:Body>\n      <dex:Read>\n         <dex:ID>@{item().BCMessageID}</dex:ID>\n      </dex:Read>\n   </soapenv:Body>\n</soapenv:Envelope>",
											"type": "Expression"
										},
										"requestTimeout": ""
									},
									"formatSettings": {
										"type": "XmlReadSettings",
										"validationMode": "none",
										"detectDataType": true,
										"namespaces": true
									}
								},
								"dataset": {
									"referenceName": "Http_BC_WebService",
									"type": "DatasetReference",
									"parameters": {
										"RelUrl": {
											"value": "@activity('Get Service Config ILG').output.firstRow.RelativeURL",
											"type": "Expression"
										}
									}
								},
								"firstRowOnly": false
							}
						},
						{
							"name": "Get_Access_Token_DB_ILG",
							"type": "Lookup",
							"dependsOn": [],
							"policy": {
								"timeout": "7.00:00:00",
								"retry": 0,
								"retryIntervalInSeconds": 30,
								"secureOutput": false,
								"secureInput": false
							},
							"userProperties": [],
							"typeProperties": {
								"source": {
									"type": "AzureSqlSource",
									"sqlReaderQuery": {
										"value": "SELECT * FROM DEX_Oauth_Access_Token",
										"type": "Expression"
									},
									"queryTimeout": "02:00:00",
									"partitionOption": "None"
								},
								"dataset": {
									"referenceName": "Tab_DEX_Oauth_Access_Token",
									"type": "DatasetReference"
								}
							}
						}
					]
				}
			}
		],
		"parameters": {
			"ServiceCode": {
				"type": "string",
				"defaultValue": "ReadOutboundMessages"
			}
		},
		"variables": {
			"SoapKey": {
				"type": "String"
			}
		},
		"folder": {
			"name": "ILG Confirmations"
		},
		"annotations": [],
		"lastPublishTime": "2021-08-15T04:29:51Z"
	},
	"type": "Microsoft.DataFactory/factories/pipelines"
}