{
	"name": "Upload_Rec_File_To_WC",
	"properties": {
		"activities": [
			{
				"name": "Get File List",
				"description": "Get the list of file",
				"type": "GetMetadata",
				"dependsOn": [],
				"policy": {
					"timeout": "7.00:00:00",
					"retry": 5,
					"retryIntervalInSeconds": 60,
					"secureOutput": false,
					"secureInput": false
				},
				"userProperties": [],
				"typeProperties": {
					"dataset": {
						"referenceName": "Storage_Source_Destination_Blob",
						"type": "DatasetReference",
						"parameters": {
							"Container": {
								"value": "@pipeline().parameters.SourceStore_Location",
								"type": "Expression"
							},
							"Directory": {
								"value": "@pipeline().parameters.SourceStore_Directory",
								"type": "Expression"
							}
						}
					},
					"fieldList": [
						"childItems"
					],
					"storeSettings": {
						"type": "AzureBlobStorageReadSettings",
						"recursive": true,
						"enablePartitionDiscovery": false
					},
					"formatSettings": {
						"type": "BinaryReadSettings"
					}
				}
			},
			{
				"name": "FilterFiles",
				"description": "Only files will be selected, the source-folders will not be selected.",
				"type": "Filter",
				"dependsOn": [
					{
						"activity": "Get interface Info",
						"dependencyConditions": [
							"Succeeded"
						]
					}
				],
				"userProperties": [],
				"typeProperties": {
					"items": {
						"value": "@activity('Get File List').output.childItems",
						"type": "Expression"
					},
					"condition": {
						"value": "@and(equals(item().type,'File'),equals(substring(item().name,add(indexof(item().name,'_'),1),sub(lastindexof(item().name,'_'),add(indexof(item().name,'_'),1))),activity('Get interface Info').output.value[0].Type))",
						"type": "Expression"
					}
				}
			},
			{
				"name": "For Each File",
				"description": "Iterate each file, and move them one by one.",
				"type": "ForEach",
				"dependsOn": [
					{
						"activity": "Set Filtered Files",
						"dependencyConditions": [
							"Succeeded"
						]
					}
				],
				"userProperties": [],
				"typeProperties": {
					"items": {
						"value": "@variables('FilteredFiles')",
						"type": "Expression"
					},
					"activities": [
						{
							"name": "Move File to Processed",
							"description": "Move a file from the source store to the destination store.",
							"type": "Copy",
							"dependsOn": [
								{
									"activity": "Switch For FTP",
									"dependencyConditions": [
										"Succeeded"
									]
								}
							],
							"policy": {
								"timeout": "7.00:00:00",
								"retry": 5,
								"retryIntervalInSeconds": 60,
								"secureOutput": false,
								"secureInput": false
							},
							"userProperties": [],
							"typeProperties": {
								"source": {
									"type": "BinarySource",
									"storeSettings": {
										"type": "AzureBlobStorageReadSettings",
										"recursive": true,
										"deleteFilesAfterCompletion": true
									},
									"formatSettings": {
										"type": "BinaryReadSettings"
									}
								},
								"sink": {
									"type": "BinarySink",
									"storeSettings": {
										"type": "AzureBlobStorageWriteSettings"
									}
								},
								"enableStaging": false
							},
							"inputs": [
								{
									"referenceName": "Storage_Source_Des_File_Blob",
									"type": "DatasetReference",
									"parameters": {
										"Container": {
											"value": "@pipeline().parameters.SourceStore_Location",
											"type": "Expression"
										},
										"Directory": {
											"value": "@pipeline().parameters.SourceStore_Directory",
											"type": "Expression"
										},
										"filename": {
											"value": "@item().name",
											"type": "Expression"
										}
									}
								}
							],
							"outputs": [
								{
									"referenceName": "Storage_Source_Destination_Blob",
									"type": "DatasetReference",
									"parameters": {
										"Container": {
											"value": "@pipeline().parameters.DestinationStore_Location",
											"type": "Expression"
										},
										"Directory": {
											"value": "@pipeline().parameters.DestinationStore_Directory",
											"type": "Expression"
										}
									}
								}
							]
						},
						{
							"name": "Switch For FTP",
							"description": "Switch to select appropriate FTP for OB Files",
							"type": "Switch",
							"dependsOn": [],
							"userProperties": [],
							"typeProperties": {
								"on": {
									"value": "@{substring(item().name,0,indexOf(item().name,'_'))}",
									"type": "Expression"
								},
								"cases": [
									{
										"value": "BYUK",
										"activities": [
											{
												"name": "Uplaod UK File to Byoma FTP",
												"description": "Copy a file from the source store to the destination store.",
												"type": "Copy",
												"dependsOn": [],
												"policy": {
													"timeout": "7.00:00:00",
													"retry": 5,
													"retryIntervalInSeconds": 60,
													"secureOutput": false,
													"secureInput": false
												},
												"userProperties": [],
												"typeProperties": {
													"source": {
														"type": "BinarySource",
														"storeSettings": {
															"type": "AzureBlobStorageReadSettings",
															"recursive": true
														},
														"formatSettings": {
															"type": "BinaryReadSettings"
														}
													},
													"sink": {
														"type": "BinarySink",
														"storeSettings": {
															"type": "SftpWriteSettings",
															"operationTimeout": "01:00:00",
															"useTempFileRename": true
														}
													},
													"enableStaging": false
												},
												"inputs": [
													{
														"referenceName": "Storage_Source_Des_File_Blob",
														"type": "DatasetReference",
														"parameters": {
															"Container": {
																"value": "@pipeline().parameters.SourceStore_Location",
																"type": "Expression"
															},
															"Directory": {
																"value": "@pipeline().parameters.SourceStore_Directory",
																"type": "Expression"
															},
															"filename": {
																"value": "@item().name",
																"type": "Expression"
															}
														}
													}
												],
												"outputs": [
													{
														"referenceName": "Byoma_SFTP",
														"type": "DatasetReference",
														"parameters": {
															"FolderName": {
																"value": "@activity('Get Interface Info').output.value[0].FTPDropDir",
																"type": "Expression"
															}
														}
													}
												]
											}
										]
									},
									{
										"value": "BYUS",
										"activities": [
											{
												"name": "Uplaod US File to Byoma FTP",
												"description": "Copy a file from the source store to the destination store.",
												"type": "Copy",
												"dependsOn": [],
												"policy": {
													"timeout": "7.00:00:00",
													"retry": 5,
													"retryIntervalInSeconds": 60,
													"secureOutput": false,
													"secureInput": false
												},
												"userProperties": [],
												"typeProperties": {
													"source": {
														"type": "BinarySource",
														"storeSettings": {
															"type": "AzureBlobStorageReadSettings",
															"recursive": true
														},
														"formatSettings": {
															"type": "BinaryReadSettings"
														}
													},
													"sink": {
														"type": "BinarySink",
														"storeSettings": {
															"type": "SftpWriteSettings",
															"operationTimeout": "01:00:00",
															"useTempFileRename": true
														}
													},
													"enableStaging": false
												},
												"inputs": [
													{
														"referenceName": "Storage_Source_Des_File_Blob",
														"type": "DatasetReference",
														"parameters": {
															"Container": {
																"value": "@pipeline().parameters.SourceStore_Location",
																"type": "Expression"
															},
															"Directory": {
																"value": "@pipeline().parameters.SourceStore_Directory",
																"type": "Expression"
															},
															"filename": {
																"value": "@item().name",
																"type": "Expression"
															}
														}
													}
												],
												"outputs": [
													{
														"referenceName": "Byoma_SFTP",
														"type": "DatasetReference",
														"parameters": {
															"FolderName": {
																"value": "@activity('Get Interface Info').output.value[0].FTPDropDir",
																"type": "Expression"
															}
														}
													}
												]
											}
										]
									},
									{
										"value": "IOPUK",
										"activities": [
											{
												"name": "Uplaod IOPUK File to WC FTP",
												"description": "Copy a file from the source store to the destination store.",
												"type": "Copy",
												"dependsOn": [],
												"policy": {
													"timeout": "7.00:00:00",
													"retry": 5,
													"retryIntervalInSeconds": 60,
													"secureOutput": false,
													"secureInput": false
												},
												"userProperties": [],
												"typeProperties": {
													"source": {
														"type": "BinarySource",
														"storeSettings": {
															"type": "AzureBlobStorageReadSettings",
															"recursive": true
														},
														"formatSettings": {
															"type": "BinaryReadSettings"
														}
													},
													"sink": {
														"type": "BinarySink",
														"storeSettings": {
															"type": "SftpWriteSettings",
															"operationTimeout": "01:00:00",
															"useTempFileRename": true
														}
													},
													"enableStaging": false
												},
												"inputs": [
													{
														"referenceName": "Storage_Source_Des_File_Blob",
														"type": "DatasetReference",
														"parameters": {
															"Container": {
																"value": "@pipeline().parameters.SourceStore_Location",
																"type": "Expression"
															},
															"Directory": {
																"value": "@pipeline().parameters.SourceStore_Directory",
																"type": "Expression"
															},
															"filename": {
																"value": "@item().name",
																"type": "Expression"
															}
														}
													}
												],
												"outputs": [
													{
														"referenceName": "IOP_WC_SFTP",
														"type": "DatasetReference",
														"parameters": {
															"FolderName": {
																"value": "@activity('Get Interface Info').output.value[0].FTPDropDir",
																"type": "Expression"
															}
														}
													}
												]
											}
										]
									},
									{
										"value": "IOPUS",
										"activities": [
											{
												"name": "Uplaod IOPUS File to WC FTP",
												"description": "Copy a file from the source store to the destination store.",
												"type": "Copy",
												"dependsOn": [],
												"policy": {
													"timeout": "7.00:00:00",
													"retry": 5,
													"retryIntervalInSeconds": 60,
													"secureOutput": false,
													"secureInput": false
												},
												"userProperties": [],
												"typeProperties": {
													"source": {
														"type": "BinarySource",
														"storeSettings": {
															"type": "AzureBlobStorageReadSettings",
															"recursive": true
														},
														"formatSettings": {
															"type": "BinaryReadSettings"
														}
													},
													"sink": {
														"type": "BinarySink",
														"storeSettings": {
															"type": "SftpWriteSettings",
															"operationTimeout": "01:00:00",
															"useTempFileRename": true
														}
													},
													"enableStaging": false
												},
												"inputs": [
													{
														"referenceName": "Storage_Source_Des_File_Blob",
														"type": "DatasetReference",
														"parameters": {
															"Container": {
																"value": "@pipeline().parameters.SourceStore_Location",
																"type": "Expression"
															},
															"Directory": {
																"value": "@pipeline().parameters.SourceStore_Directory",
																"type": "Expression"
															},
															"filename": {
																"value": "@item().name",
																"type": "Expression"
															}
														}
													}
												],
												"outputs": [
													{
														"referenceName": "IOP_WC_SFTP",
														"type": "DatasetReference",
														"parameters": {
															"FolderName": {
																"value": "@activity('Get Interface Info').output.value[0].FTPDropDir",
																"type": "Expression"
															}
														}
													}
												]
											}
										]
									},
									{
										"value": "TLUK",
										"activities": [
											{
												"name": "Uplaod TLUK File to WC FTP",
												"description": "Copy a file from the source store to the destination store.",
												"type": "Copy",
												"dependsOn": [],
												"policy": {
													"timeout": "7.00:00:00",
													"retry": 5,
													"retryIntervalInSeconds": 60,
													"secureOutput": false,
													"secureInput": false
												},
												"userProperties": [],
												"typeProperties": {
													"source": {
														"type": "BinarySource",
														"storeSettings": {
															"type": "AzureBlobStorageReadSettings",
															"recursive": true
														},
														"formatSettings": {
															"type": "BinaryReadSettings"
														}
													},
													"sink": {
														"type": "BinarySink",
														"storeSettings": {
															"type": "SftpWriteSettings",
															"operationTimeout": "01:00:00",
															"useTempFileRename": true
														}
													},
													"enableStaging": false
												},
												"inputs": [
													{
														"referenceName": "Storage_Source_Des_File_Blob",
														"type": "DatasetReference",
														"parameters": {
															"Container": {
																"value": "@pipeline().parameters.SourceStore_Location",
																"type": "Expression"
															},
															"Directory": {
																"value": "@pipeline().parameters.SourceStore_Directory",
																"type": "Expression"
															},
															"filename": {
																"value": "@item().name",
																"type": "Expression"
															}
														}
													}
												],
												"outputs": [
													{
														"referenceName": "Tanluxe_WC_SFTP",
														"type": "DatasetReference",
														"parameters": {
															"FolderName": {
																"value": "@activity('Get Interface Info').output.value[0].FTPDropDir",
																"type": "Expression"
															}
														}
													}
												]
											}
										]
									},
									{
										"value": "TLUS",
										"activities": [
											{
												"name": "Uplaod TLUS File to WC FTP",
												"description": "Copy a file from the source store to the destination store.",
												"type": "Copy",
												"dependsOn": [],
												"policy": {
													"timeout": "7.00:00:00",
													"retry": 5,
													"retryIntervalInSeconds": 60,
													"secureOutput": false,
													"secureInput": false
												},
												"userProperties": [],
												"typeProperties": {
													"source": {
														"type": "BinarySource",
														"storeSettings": {
															"type": "AzureBlobStorageReadSettings",
															"recursive": true
														},
														"formatSettings": {
															"type": "BinaryReadSettings"
														}
													},
													"sink": {
														"type": "BinarySink",
														"storeSettings": {
															"type": "SftpWriteSettings",
															"operationTimeout": "01:00:00",
															"useTempFileRename": true
														}
													},
													"enableStaging": false
												},
												"inputs": [
													{
														"referenceName": "Storage_Source_Des_File_Blob",
														"type": "DatasetReference",
														"parameters": {
															"Container": {
																"value": "@pipeline().parameters.SourceStore_Location",
																"type": "Expression"
															},
															"Directory": {
																"value": "@pipeline().parameters.SourceStore_Directory",
																"type": "Expression"
															},
															"filename": {
																"value": "@item().name",
																"type": "Expression"
															}
														}
													}
												],
												"outputs": [
													{
														"referenceName": "Tanluxe_WC_SFTP",
														"type": "DatasetReference",
														"parameters": {
															"FolderName": {
																"value": "@activity('Get Interface Info').output.value[0].FTPDropDir",
																"type": "Expression"
															}
														}
													}
												]
											}
										]
									}
								],
								"defaultActivities": [
									{
										"name": "Uplaod File to WC FTP",
										"description": "Copy a file from the source store to the destination store.",
										"type": "Copy",
										"dependsOn": [],
										"policy": {
											"timeout": "7.00:00:00",
											"retry": 5,
											"retryIntervalInSeconds": 60,
											"secureOutput": false,
											"secureInput": false
										},
										"userProperties": [],
										"typeProperties": {
											"source": {
												"type": "BinarySource",
												"storeSettings": {
													"type": "AzureBlobStorageReadSettings",
													"recursive": true
												},
												"formatSettings": {
													"type": "BinaryReadSettings"
												}
											},
											"sink": {
												"type": "BinarySink",
												"storeSettings": {
													"type": "SftpWriteSettings",
													"operationTimeout": "01:00:00",
													"useTempFileRename": true
												}
											},
											"enableStaging": false
										},
										"inputs": [
											{
												"referenceName": "Storage_Source_Des_File_Blob",
												"type": "DatasetReference",
												"parameters": {
													"Container": {
														"value": "@pipeline().parameters.SourceStore_Location",
														"type": "Expression"
													},
													"Directory": {
														"value": "@pipeline().parameters.SourceStore_Directory",
														"type": "Expression"
													},
													"filename": {
														"value": "@item().name",
														"type": "Expression"
													}
												}
											}
										],
										"outputs": [
											{
												"referenceName": "Tanologist_SFTP",
												"type": "DatasetReference",
												"parameters": {
													"FolderName": {
														"value": "@activity('Get Interface Info').output.value[0].FTPDropDir",
														"type": "Expression"
													}
												}
											}
										]
									}
								]
							}
						}
					]
				}
			},
			{
				"name": "Get interface Info",
				"type": "Lookup",
				"dependsOn": [
					{
						"activity": "Get File List",
						"dependencyConditions": [
							"Succeeded"
						]
					}
				],
				"policy": {
					"timeout": "7.00:00:00",
					"retry": 5,
					"retryIntervalInSeconds": 60,
					"secureOutput": false,
					"secureInput": false
				},
				"userProperties": [],
				"typeProperties": {
					"source": {
						"type": "AzureSqlSource",
						"sqlReaderQuery": {
							"value": "SELECT DI.InterfaceCode, DI.[Enabled], DI.[Type], DI.[Direction], DI.[FTPDropDir], DI.FTPProcessedDir \nFROM dbo.DEX_Interface DI\nWHERE InterfaceCode = '@{pipeline().parameters.Interface_Code}'",
							"type": "Expression"
						},
						"queryTimeout": "02:00:00",
						"partitionOption": "None"
					},
					"dataset": {
						"referenceName": "Tab_DEX_Interface",
						"type": "DatasetReference"
					},
					"firstRowOnly": false
				}
			},
			{
				"name": "Set Filtered Files",
				"type": "SetVariable",
				"dependsOn": [
					{
						"activity": "FilterFiles",
						"dependencyConditions": [
							"Succeeded"
						]
					}
				],
				"userProperties": [],
				"typeProperties": {
					"variableName": "FilteredFiles",
					"value": {
						"value": "@activity('FilterFiles').output.value",
						"type": "Expression"
					}
				}
			}
		],
		"parameters": {
			"SourceStore_Location": {
				"type": "string",
				"defaultValue": "obrecdrop"
			},
			"SourceStore_Directory": {
				"type": "string",
				"defaultValue": "/"
			},
			"DestinationStore_Location": {
				"type": "string",
				"defaultValue": "obrecprocessed"
			},
			"DestinationStore_Directory": {
				"type": "string",
				"defaultValue": "/"
			},
			"Interface_Code": {
				"type": "string",
				"defaultValue": "OBWCREC"
			}
		},
		"variables": {
			"FilteredFiles": {
				"type": "Array"
			}
		},
		"folder": {
			"name": "Reconciliation"
		},
		"annotations": [],
		"lastPublishTime": "2021-08-15T04:28:49Z"
	},
	"type": "Microsoft.DataFactory/factories/pipelines"
}