{
	"name": "Storage_CSV_Source_With_Filename",
	"properties": {
		"linkedServiceName": {
			"referenceName": "sadexprod",
			"type": "LinkedServiceReference"
		},
		"parameters": {
			"Container": {
				"type": "String"
			},
			"File": {
				"type": "String"
			},
			"Directory": {
				"type": "String"
			}
		},
		"annotations": [],
		"type": "DelimitedText",
		"typeProperties": {
			"location": {
				"type": "AzureBlobStorageLocation",
				"fileName": {
					"value": "@dataset().File",
					"type": "Expression"
				},
				"folderPath": {
					"value": "@dataset().Directory",
					"type": "Expression"
				},
				"container": {
					"value": "@dataset().Container",
					"type": "Expression"
				}
			},
			"columnDelimiter": ",",
			"escapeChar": "\\",
			"firstRowAsHeader": true,
			"quoteChar": "\""
		},
		"schema": []
	}
}