{
	"name": "Storage_Source_Destination_Blob",
	"properties": {
		"description": "It describes the folder in the data source store.",
		"linkedServiceName": {
			"referenceName": "sadexprod",
			"type": "LinkedServiceReference"
		},
		"parameters": {
			"Container": {
				"type": "String"
			},
			"Directory": {
				"type": "String"
			}
		},
		"annotations": [],
		"type": "Binary",
		"typeProperties": {
			"location": {
				"type": "AzureBlobStorageLocation",
				"folderPath": {
					"value": "@{dataset().Directory}",
					"type": "Expression"
				},
				"container": {
					"value": "@{dataset().Container}",
					"type": "Expression"
				}
			}
		}
	},
	"type": "Microsoft.DataFactory/factories/datasets"
}