{
	"name": "Tanologist_SFTP_Connection_With_FileName",
	"properties": {
		"linkedServiceName": {
			"referenceName": "SftpWpEngine",
			"type": "LinkedServiceReference"
		},
		"parameters": {
			"FolderName": {
				"type": "string"
			},
			"FileName": {
				"type": "String"
			}
		},
		"annotations": [],
		"type": "Binary",
		"typeProperties": {
			"location": {
				"type": "SftpLocation",
				"fileName": {
					"value": "@dataset().FileName",
					"type": "Expression"
				},
				"folderPath": {
					"value": "@dataset().FolderName",
					"type": "Expression"
				}
			}
		}
	},
	"type": "Microsoft.DataFactory/factories/datasets"
}